<?xml version="1.0" encoding="UTF-8"?>
<jcr:root xmlns:sling="http://sling.apache.org/jcr/sling/1.0" xmlns:cq="http://www.day.com/jcr/cq/1.0" xmlns:jcr="http://www.jcp.org/jcr/1.0" xmlns:nt="http://www.jcp.org/jcr/nt/1.0"
    jcr:primaryType="cq:Page">
    <jcr:content
        jcr:mixinTypes="[sling:VanityPath]"
        jcr:primaryType="nt:unstructured"
        jcr:title="AEM Sites Editor"
        sling:resourceType="cq/gui/components/authoring/editor"
        sling:vanityOrder="{Long}302"
        sling:vanityPath="/editor">
        <redirector
            jcr:primaryType="nt:unstructured"
            sling:resourceType="granite/ui/components/foundation/admin/contentchecker"
            allowed="[/\\b.*]"
            allowEmpty="{Boolean}false"
            redirect="/sites.html/content"
            urlPath="${requestPathInfo.suffix}"/>
        <content jcr:primaryType="nt:unstructured">
            <items/>
        </content>
        <sidepanels jcr:primaryType="nt:unstructured">
            <developer
                jcr:primaryType="nt:unstructured"
                sling:resourceType="granite/ui/components/foundation/container"
                class="cq-DeveloperRail js-sidePanel-developer"
                id="developer-rail">
                <layout
                    jcr:primaryType="nt:unstructured"
                    sling:resourceType="granite/ui/components/foundation/layouts/tabs"
                    active="components"/>
                <items jcr:primaryType="nt:unstructured">
                    <components
                        jcr:primaryType="nt:unstructured"
                        jcr:title="Components"
                        sling:resourceType="granite/ui/components/foundation/section"
                        class="sidepanel-tab sidepanel-tab-componentinspector">
                        <layoutConfig
                            jcr:primaryType="nt:unstructured"
                            icon="coral-Icon--viewList coral-Icon--sizeS"/>
                        <items jcr:primaryType="nt:unstructured">
                            <component-inspector
                                jcr:primaryType="nt:unstructured"
                                sling:resourceType="cq/gui/components/authoring/componentinspector"/>
                        </items>
                    </components>
                    <hobbes
                        jcr:primaryType="nt:unstructured"
                        jcr:title="Tests"
                        sling:resourceType="granite/ui/components/foundation/section"
                        class="sidepanel-tab sidepanel-tab-testrunner">
                        <layoutConfig
                            jcr:primaryType="nt:unstructured"
                            icon="coral-Icon--assetCheck coral-Icon--sizeS"/>
                        <items jcr:primaryType="nt:unstructured">
                            <testrunner
                                jcr:primaryType="nt:unstructured"
                                sling:resourceType="cq/gui/components/authoring/testrunner"/>
                        </items>
                    </hobbes>
                    <errors
                        jcr:primaryType="nt:unstructured"
                        jcr:title="Errors"
                        sling:resourceType="granite/ui/components/foundation/section"
                        class="sidepanel-tab sidepanel-tab-errorinspector">
                        <layoutConfig
                            jcr:primaryType="nt:unstructured"
                            class="js-errors-list-activator"
                            icon="coral-Icon--alert coral-Icon--sizeS"/>
                        <items jcr:primaryType="nt:unstructured">
                            <error-inspector
                                jcr:primaryType="nt:unstructured"
                                sling:resourceType="cq/gui/components/authoring/errorinspector"/>
                        </items>
                    </errors>
                </items>
            </developer>
            <edit
                jcr:primaryType="nt:unstructured"
                sling:resourceType="granite/ui/components/foundation/container"
                class="js-sidePanel-edit">
                <layout
                    jcr:primaryType="nt:unstructured"
                    sling:resourceType="granite/ui/components/foundation/layouts/tabs"
                    scroll="true"/>
                <items jcr:primaryType="nt:unstructured">
                    <assetsTab
                        jcr:primaryType="nt:unstructured"
                        jcr:title="Assets"
                        sling:resourceType="granite/ui/components/foundation/section"
                        class="sidepanel-tab sidepanel-tab-assets">
                        <items jcr:primaryType="nt:unstructured">
                            <filterPanel
                                jcr:primaryType="nt:unstructured"
                                sling:resourceType="granite/ui/components/foundation/container"
                                class="filter-panel">
                                <items jcr:primaryType="nt:unstructured">
                                    <views
                                        jcr:primaryType="nt:unstructured"
                                        sling:resourceType="granite/ui/components/foundation/admin/rail/modes">
                                        <items jcr:primaryType="nt:unstructured">
                                            <search
                                                jcr:primaryType="nt:unstructured"
                                                class="assetfinder search"
                                                icon="coral-Icon coral-Icon--filter coral-Icon--sizeS"
                                                name="S">
                                                <items jcr:primaryType="nt:unstructured">
                                                    <searchpanel
                                                        jcr:primaryType="nt:unstructured"
                                                        sling:resourceType="granite/ui/components/foundation/container"
                                                        class="coral-Form--vertical"
                                                        id="assetfinder-filter">
                                                        <items jcr:primaryType="nt:unstructured">
                                                            <fulltextsearch
                                                                jcr:primaryType="nt:unstructured"
                                                                sling:resourceType="granite/ui/components/foundation/form/decoratedtextfield"
                                                                class="search"
                                                                emptyText="Enter keyword(s)"
                                                                icon="coral-Icon--search"
                                                                id="assetsearch">
                                                                <button
                                                                    jcr:primaryType="nt:unstructured"
                                                                    sling:resourceType="granite/ui/components/foundation/button"
                                                                    hideText="{Boolean}true"
                                                                    icon="coral-Icon--close"
                                                                    iconSize="XS"
                                                                    minimal="{Boolean}true"
                                                                    title="clear"
                                                                    variant="quiet"/>
                                                            </fulltextsearch>
                                                            <assetpath
                                                                jcr:primaryType="nt:unstructured"
                                                                sling:resourceType="granite/ui/components/foundation/form/pathbrowser"
                                                                class="assetfilter path"
                                                                emptyText="Enter path"
                                                                filterType="General"
                                                                name="assetfilter_path"
                                                                rootPath="/content/dam"/>
                                                            <assettype
                                                                jcr:primaryType="nt:unstructured"
                                                                sling:resourceType="granite/ui/components/foundation/form/select"
                                                                class="assetfilter type"
                                                                emptyText="Images"
                                                                filterType="General"
                                                                name="assetfilter_type_selector"
                                                                text="Images">
                                                                <items jcr:primaryType="nt:unstructured"/>
                                                            </assettype>
                                                        </items>
                                                    </searchpanel>
                                                    <searchpanel2
                                                        jcr:primaryType="nt:unstructured"
                                                        sling:resourceType="granite/ui/components/foundation/container"
                                                        id="assetfinder-filter-detail">
                                                        <items jcr:primaryType="nt:unstructured">
                                                            <imagefilters
                                                                jcr:primaryType="nt:unstructured"
                                                                sling:resourceType="granite/ui/components/foundation/include"
                                                                path="cq/gui/content/facets/Images"/>
                                                            <manuscriptfilters
                                                                jcr:primaryType="nt:unstructured"
                                                                sling:resourceType="granite/ui/components/foundation/include"
                                                                path="cq/gui/content/facets/Manuscript"/>
                                                            <documentfilters
                                                                jcr:primaryType="nt:unstructured"
                                                                sling:resourceType="granite/ui/components/foundation/include"
                                                                path="cq/gui/content/facets/Documents"/>
                                                            <videofilters
                                                                jcr:primaryType="nt:unstructured"
                                                                sling:resourceType="granite/ui/components/foundation/include"
                                                                path="cq/gui/content/facets/Videos"/>
                                                            <pagefilters
                                                                jcr:primaryType="nt:unstructured"
                                                                sling:resourceType="granite/ui/components/foundation/include"
                                                                path="cq/gui/content/facets/Pages"/>
                                                            <paragraphfilters
                                                                jcr:primaryType="nt:unstructured"
                                                                sling:resourceType="granite/ui/components/foundation/include"
                                                                path="cq/gui/content/facets/Paragraphs"/>
                                                            <productfilters
                                                                jcr:primaryType="nt:unstructured"
                                                                sling:resourceType="granite/ui/components/foundation/include"
                                                                path="cq/gui/content/facets/Products"/>
                                                        </items>
                                                    </searchpanel2>
                                                    <filterResultPanel
                                                        jcr:primaryType="nt:unstructured"
                                                        sling:resourceType="granite/ui/components/foundation/container"
                                                        class="selected-filter-panel">
                                                        <items jcr:primaryType="nt:unstructured">
                                                            <taglist
                                                                jcr:primaryType="nt:unstructured"
                                                                sling:resourceType="granite/ui/components/foundation/form/taglist"
                                                                class="taglist"
                                                                clearAll="true"
                                                                name="assetfilter">
                                                                <items jcr:primaryType="nt:unstructured"/>
                                                            </taglist>
                                                            <taglist-clearall
                                                                jcr:primaryType="nt:unstructured"
                                                                sling:resourceType="cq/gui/components/authoring/assetfinder/clearall"
                                                                class="taglist-clearall"
                                                                title="Clear All"/>
                                                        </items>
                                                    </filterResultPanel>
                                                </items>
                                            </search>
                                            <map
                                                jcr:primaryType="nt:unstructured"
                                                icon="coral-Icon coral-Icon--folderSearch coral-Icon--sizeS"
                                                name="B">
                                                <items jcr:primaryType="nt:unstructured">
                                                    <searchpanel
                                                        jcr:primaryType="nt:unstructured"
                                                        sling:resourceType="granite/ui/components/foundation/container">
                                                        <items jcr:primaryType="nt:unstructured">
                                                            <clientlibs
                                                                jcr:primaryType="nt:unstructured"
                                                                sling:resourceType="granite/ui/components/foundation/includeclientlibs"
                                                                categories="[coralui2]"/>
                                                            <browser
                                                                jcr:primaryType="nt:unstructured"
                                                                sling:resourceType="cq/gui/components/authoring/assetfinder/browser"
                                                                class="assetbrowser"
                                                                title="Assets"/>
                                                        </items>
                                                    </searchpanel>
                                                    <filterResultPanel
                                                        jcr:primaryType="nt:unstructured"
                                                        sling:resourceType="granite/ui/components/foundation/container"
                                                        class="selected-filter-panel">
                                                        <items jcr:primaryType="nt:unstructured">
                                                            <taglist
                                                                jcr:primaryType="nt:unstructured"
                                                                sling:resourceType="granite/ui/components/foundation/form/taglist"
                                                                class="taglist"
                                                                clearAll="true"
                                                                name="assetfilter">
                                                                <items jcr:primaryType="nt:unstructured"/>
                                                            </taglist>
                                                        </items>
                                                    </filterResultPanel>
                                                </items>
                                            </map>
                                        </items>
                                    </views>
                                </items>
                            </filterPanel>
                            <contentPanel
                                jcr:primaryType="nt:unstructured"
                                sling:resourceType="granite/ui/components/foundation/container"
                                class="content-panel">
                                <items jcr:primaryType="nt:unstructured">
                                    <assetfinder
                                        jcr:primaryType="nt:unstructured"
                                        sling:resourceType="cq/gui/components/authoring/assetfinder"
                                        class="[assetfinder-content-container,grid]">
                                        <items jcr:primaryType="nt:unstructured"/>
                                    </assetfinder>
                                    <emptyresult
                                        jcr:primaryType="nt:unstructured"
                                        sling:resourceType="granite/ui/components/foundation/contsys"
                                        class="emptyresult"
                                        htmlWrapTag="div">
                                        <items jcr:primaryType="nt:unstructured">
                                            <noresults
                                                jcr:primaryType="nt:unstructured"
                                                sling:resourceType="granite/ui/components/foundation/text"
                                                class="noresults"
                                                text="No results"/>
                                            <retry
                                                jcr:primaryType="nt:unstructured"
                                                sling:resourceType="granite/ui/components/foundation/text"
                                                class="retry"
                                                text="Please try with another keyword"/>
                                        </items>
                                    </emptyresult>
                                </items>
                            </contentPanel>
                        </items>
                    </assetsTab>
                    <componentsTab
                        jcr:primaryType="nt:unstructured"
                        jcr:title="Components"
                        sling:resourceType="granite/ui/components/foundation/section"
                        class="sidepanel-tab sidepanel-tab-components">
                        <items jcr:primaryType="nt:unstructured">
                            <filterPanel
                                jcr:primaryType="nt:unstructured"
                                sling:resourceType="granite/ui/components/foundation/container"
                                class="filter-panel coral-Form--vertical"
                                id="components-filter">
                                <items jcr:primaryType="nt:unstructured">
                                    <fulltextsearch
                                        jcr:primaryType="nt:unstructured"
                                        sling:resourceType="granite/ui/components/foundation/form/decoratedtextfield"
                                        class="search"
                                        emptyText="Filter"
                                        icon="coral-Icon--search">
                                        <button
                                            jcr:primaryType="nt:unstructured"
                                            sling:resourceType="granite/ui/components/foundation/button"
                                            hideText="{Boolean}true"
                                            icon="coral-Icon--close"
                                            iconSize="XS"
                                            minimal="{Boolean}true"
                                            title="clear"
                                            variant="quiet"/>
                                    </fulltextsearch>
                                    <componentsgroup
                                        jcr:primaryType="nt:unstructured"
                                        sling:resourceType="granite/ui/components/foundation/form/select"
                                        class="componentfilter group"
                                        emptyText="All"
                                        name="componentfilter_group_selector"
                                        text="All">
                                        <items jcr:primaryType="nt:unstructured">
                                            <default
                                                jcr:primaryType="nt:unstructured"
                                                sling:resourceType="granite/ui/components/foundation/form/option"
                                                text="All"
                                                value="All"/>
                                        </items>
                                    </componentsgroup>
                                    <filterResultPanel
                                        jcr:primaryType="nt:unstructured"
                                        sling:resourceType="granite/ui/components/foundation/container"
                                        class="selected-filter-panel">
                                        <items jcr:primaryType="nt:unstructured"/>
                                    </filterResultPanel>
                                </items>
                            </filterPanel>
                            <contentPanel
                                jcr:primaryType="nt:unstructured"
                                sling:resourceType="granite/ui/components/foundation/container"
                                class="content-panel">
                                <items jcr:primaryType="nt:unstructured">
                                    <componentbrowser
                                        jcr:primaryType="nt:unstructured"
                                        sling:resourceType="cq/gui/components/authoring/componentbrowser"
                                        id="ComponentBrowser"/>
                                    <emptyresult
                                        jcr:primaryType="nt:unstructured"
                                        sling:resourceType="granite/ui/components/foundation/contsys"
                                        class="emptyresult"
                                        htmlWrapTag="div">
                                        <items jcr:primaryType="nt:unstructured">
                                            <noresults
                                                jcr:primaryType="nt:unstructured"
                                                sling:resourceType="granite/ui/components/foundation/text"
                                                class="noresults"
                                                text="No results"/>
                                            <retry
                                                jcr:primaryType="nt:unstructured"
                                                sling:resourceType="granite/ui/components/foundation/text"
                                                class="retry"
                                                text="Please try with another keyword"/>
                                        </items>
                                    </emptyresult>
                                </items>
                            </contentPanel>
                        </items>
                    </componentsTab>
                </items>
            </edit>
            <empty
                jcr:primaryType="nt:unstructured"
                sling:resourceType="granite/ui/components/foundation/container"
                class="js-sidePanel-empty">
                <items jcr:primaryType="nt:unstructured"/>
            </empty>
        </sidepanels>
    </jcr:content>
    <scaffoldhost/>
    <userproperties
        jcr:primaryType="nt:unstructured"
        sling:resourceType="granite/ui/components/endor/userproperties"
        id="editor-user-properties">
        <preferences jcr:primaryType="nt:unstructured">
            <form jcr:primaryType="nt:unstructured">
                <items jcr:primaryType="nt:unstructured">
                    <language
                        jcr:primaryType="nt:unstructured"
                        sling:resourceType="granite/ui/components/foundation/form/select"
                        fieldLabel="Language"
                        name="language"
                        translateOptions="{Boolean}false"
                        value="-">
                        <items jcr:primaryType="nt:unstructured">
                            <en
                                jcr:primaryType="nt:unstructured"
                                text="English"
                                text_noI18n="English"
                                value="en"/>
                            <de
                                jcr:primaryType="nt:unstructured"
                                text="Deutsch"
                                text_noI18n="Deutsch"
                                value="de"/>
                            <es
                                jcr:primaryType="nt:unstructured"
                                text="Español"
                                text_noI18n="Español"
                                value="es"/>
                            <fr
                                jcr:primaryType="nt:unstructured"
                                text="Français"
                                text_noI18n="Français"
                                value="fr"/>
                            <it
                                jcr:primaryType="nt:unstructured"
                                text="Italiano"
                                text_noI18n="Italiano"
                                value="it"/>
                            <pt-br
                                jcr:primaryType="nt:unstructured"
                                text="Português (Brasil)"
                                text_noI18n="Português (Brasil)"
                                value="pt-br"/>
                            <zh-cn
                                jcr:primaryType="nt:unstructured"
                                text="简体中文"
                                text_noI18n="简体中文"
                                value="zh-cn"/>
                            <zh-tw
                                jcr:primaryType="nt:unstructured"
                                text="繁體中文"
                                text_noI18n="繁體中文"
                                value="zh-tw"/>
                            <ja
                                jcr:primaryType="nt:unstructured"
                                text="日本語"
                                text_noI18n="日本語"
                                value="ja"/>
                            <ko-kr
                                jcr:primaryType="nt:unstructured"
                                text="한국어"
                                text_noI18n="한국어"
                                value="ko-kr"/>
                        </items>
                    </language>
                    <window-mode
                        jcr:primaryType="nt:unstructured"
                        sling:resourceType="granite/ui/components/foundation/form/select"
                        fieldLabel="Window Management"
                        name="winMode"
                        value="-">
                        <items jcr:primaryType="nt:unstructured">
                            <multiple
                                jcr:primaryType="nt:unstructured"
                                text="Multiple Windows (Default)"
                                value="multi"/>
                            <single
                                jcr:primaryType="nt:unstructured"
                                text="Single Window"
                                value="single"/>
                        </items>
                    </window-mode>
                </items>
            </form>
        </preferences>
    </userproperties>
    <tour/>
</jcr:root>
